city,time,temperature_2m,relative_humidity_2m,precipitation,wind_speed_10m,feels_like_approx
antananarivo,2026-10-06 00:00:00,16.2,88.0,0.0,12.8,14.4
antananarivo,2026-10-06 01:00:00,15.9,87.0,0.0,13.3,14.2
antananarivo,2026-10-06 02:00:00,15.7,87.0,0.0,11.9,14.0
antananarivo,2026-10-06 03:00:00,15.8,88.0,0.0,10.7,14.0
antananarivo,2026-10-06 04:00:00,15.9,87.0,0.0,11.6,14.2
antananarivo,2026-10-06 05:00:00,15.8,86.0,0.0,12.8,14.1
antananarivo,2026-10-06 06:00:00,15.8,85.0,0.0,14.7,14.1
antananarivo,2026-10-06 07:00:00,16.6,80.0,0.0,17.2,15.0
antananarivo,2026-10-06 08:00:00,17.6,74.0,0.0,17.1,16.1
antananarivo,2026-10-06 09:00:00,19.4,68.0,0.0,18.0,18.0
antananarivo,2026-10-06 10:00:00,20.8,61.0,0.0,16.1,19.6
antananarivo,2026-10-06 11:00:00,22.2,56.0,0.0,14.8,21.1
antananarivo,2026-10-06 12:00:00,22.8,55.0,0.0,14.1,21.7
antananarivo,2026-10-06 13:00:00,23.5,53.0,0.0,14.5,22.4
antananarivo,2026-10-06 14:00:00,23.2,54.0,0.0,14.8,22.1
antananarivo,2026-10-06 15:00:00,22.4,57.0,0.0,15.1,21.3
antananarivo,2026-10-06 16:00:00,21.9,59.0,0.0,14.3,20.7
antananarivo,2026-10-06 17:00:00,20.3,65.0,0.0,16.0,19.0
antananarivo,2026-10-06 18:00:00,18.3,77.0,0.0,16.0,16.8
antananarivo,2026-10-06 19:00:00,17.5,82.0,0.0,15.1,15.9
antananarivo,2026-10-06 20:00:00,16.8,84.0,0.0,13.2,15.1
antananarivo,2026-10-06 21:00:00,16.2,85.0,0.0,12.8,14.5
antananarivo,2026-10-06 22:00:00,15.9,85.0,0.0,12.3,14.2
antananarivo,2026-10-06 23:00:00,15.8,84.0,0.0,11.5,14.1
tokyo,2026-10-06 00:00:00,19.4,84.0,0.0,4.7,17.7
tokyo,2026-10-06 01:00:00,19.4,85.0,0.0,4.7,17.7
tokyo,2026-10-06 02:00:00,19.4,85.0,0.0,4.8,17.7
tokyo,2026-10-06 03:00:00,19.3,86.0,0.0,4.7,17.6
tokyo,2026-10-06 04:00:00,19.2,87.0,0.0,4.7,17.5
tokyo,2026-10-06 05:00:00,19.2,86.0,0.0,4.7,17.5
tokyo,2026-10-06 06:00:00,19.3,85.0,0.0,5.4,17.6
tokyo,2026-10-06 07:00:00,20.1,83.0,0.0,5.4,18.4
tokyo,2026-10-06 08:00:00,21.3,79.0,0.0,6.1,19.7
tokyo,2026-10-06 09:00:00,22.4,75.0,0.0,7.1,20.9
tokyo,2026-10-06 10:00:00,23.5,72.0,0.0,7.3,22.1
tokyo,2026-10-06 11:00:00,24.4,69.0,0.0,7.2,23.0
tokyo,2026-10-06 12:00:00,25.3,65.0,0.0,7.6,24.0
tokyo,2026-10-06 13:00:00,25.8,62.0,0.0,7.3,24.6
tokyo,2026-10-06 14:00:00,25.9,61.0,0.0,6.9,24.7
tokyo,2026-10-06 15:00:00,25.8,63.0,0.0,7.3,24.5
tokyo,2026-10-06 16:00:00,25.2,65.0,0.0,7.4,23.9
tokyo,2026-10-06 17:00:00,24.3,67.0,0.0,7.2,23.0
tokyo,2026-10-06 18:00:00,23.5,68.0,0.0,7.0,22.1
tokyo,2026-10-06 19:00:00,22.2,66.0,0.0,7.6,20.9
tokyo,2026-10-06 20:00:00,20.9,64.0,0.0,8.2,19.6
tokyo,2026-10-06 21:00:00,20.3,63.0,0.0,8.7,19.0
tokyo,2026-10-06 22:00:00,19.8,63.0,0.0,8.2,18.5
tokyo,2026-10-06 23:00:00,19.6,63.0,0.0,7.9,18.3
seoul,2026-10-06 00:00:00,12.6,73.0,0.0,4.0,11.1
seoul,2026-10-06 01:00:00,12.2,75.0,0.0,4.0,10.7
seoul,2026-10-06 02:00:00,11.9,77.0,0.0,4.1,10.4
seoul,2026-10-06 03:00:00,11.6,80.0,0.0,3.9,10.0
seoul,2026-10-06 04:00:00,11.0,83.0,0.0,2.9,9.3
seoul,2026-10-06 05:00:00,10.6,84.0,0.0,2.8,8.9
seoul,2026-10-06 06:00:00,10.5,80.0,0.0,2.8,8.9
seoul,2026-10-06 07:00:00,10.4,78.0,0.0,2.3,8.8
seoul,2026-10-06 08:00:00,11.4,72.0,0.0,1.1,10.0
seoul,2026-10-06 09:00:00,13.7,59.0,0.0,1.3,12.5
seoul,2026-10-06 10:00:00,15.9,49.0,0.0,2.7,14.9
seoul,2026-10-06 11:00:00,17.5,42.0,0.0,6.5,16.7
seoul,2026-10-06 12:00:00,18.5,41.0,0.0,7.5,17.7
seoul,2026-10-06 13:00:00,19.2,41.0,0.0,8.3,18.4
seoul,2026-10-06 14:00:00,19.6,41.0,0.0,8.8,18.8
seoul,2026-10-06 15:00:00,20.2,40.0,0.0,8.9,19.4
seoul,2026-10-06 16:00:00,20.1,42.0,0.0,8.4,19.3
seoul,2026-10-06 17:00:00,19.7,44.0,0.0,6.7,18.8
seoul,2026-10-06 18:00:00,18.4,54.0,0.0,5.4,17.3
seoul,2026-10-06 19:00:00,17.0,69.0,0.0,4.0,15.6
seoul,2026-10-06 20:00:00,16.3,75.0,0.0,2.9,14.8
seoul,2026-10-06 21:00:00,16.1,74.0,0.0,3.3,14.6
seoul,2026-10-06 22:00:00,15.6,76.0,0.0,4.3,14.1
seoul,2026-10-06 23:00:00,15.3,77.0,0.0,3.9,13.8
paris,2026-10-06 00:00:00,16.7,59.0,0.0,2.9,15.5
paris,2026-10-06 01:00:00,15.7,63.0,0.0,3.4,14.4
paris,2026-10-06 02:00:00,14.5,67.0,0.0,3.2,13.2
paris,2026-10-06 03:00:00,13.7,69.0,0.0,2.7,12.3
paris,2026-10-06 04:00:00,13.2,70.0,0.0,3.7,11.8
paris,2026-10-06 05:00:00,12.4,74.0,0.0,3.6,10.9
paris,2026-10-06 06:00:00,12.0,77.0,0.0,2.9,10.5
paris,2026-10-06 07:00:00,11.6,78.0,0.0,2.9,10.0
paris,2026-10-06 08:00:00,11.0,82.0,0.0,3.1,9.4
paris,2026-10-06 09:00:00,11.3,78.0,0.0,2.1,9.7
paris,2026-10-06 10:00:00,12.8,72.0,0.0,3.1,11.4
paris,2026-10-06 11:00:00,16.0,61.0,0.0,3.4,14.8
paris,2026-10-06 12:00:00,18.4,52.0,0.0,1.3,17.4
paris,2026-10-06 13:00:00,20.6,46.0,0.0,3.5,19.7
paris,2026-10-06 14:00:00,22.3,45.0,0.0,3.3,21.4
paris,2026-10-06 15:00:00,23.5,45.0,0.0,3.0,22.6
paris,2026-10-06 16:00:00,24.2,43.0,0.0,4.0,23.3
paris,2026-10-06 17:00:00,24.2,44.0,0.0,5.5,23.3
paris,2026-10-06 18:00:00,24.1,42.0,0.0,7.5,23.3
paris,2026-10-06 19:00:00,23.4,41.0,0.0,6.7,22.6
paris,2026-10-06 20:00:00,22.2,47.0,0.0,6.1,21.3
paris,2026-10-06 21:00:00,21.2,48.0,0.0,6.4,20.2
paris,2026-10-06 22:00:00,20.3,49.0,0.0,4.7,19.3
paris,2026-10-06 23:00:00,19.4,54.0,0.0,3.7,18.3
new_york,2026-10-06 00:00:00,11.7,45.0,0.0,7.8,10.8
new_york,2026-10-06 01:00:00,11.1,47.0,0.0,8.3,10.2
new_york,2026-10-06 02:00:00,10.9,49.0,0.0,12.4,9.9
new_york,2026-10-06 03:00:00,10.3,54.0,0.0,15.0,9.2
new_york,2026-10-06 04:00:00,9.7,58.0,0.0,12.8,8.5
new_york,2026-10-06 05:00:00,8.9,62.0,0.0,8.7,7.7
new_york,2026-10-06 06:00:00,8.3,63.0,0.0,7.6,7.0
new_york,2026-10-06 07:00:00,7.7,67.0,0.0,6.6,6.4
new_york,2026-10-06 08:00:00,8.6,69.0,0.0,7.4,7.2
new_york,2026-10-06 09:00:00,10.2,53.0,0.0,13.4,9.1
new_york,2026-10-06 10:00:00,11.3,42.0,0.0,14.7,10.5
new_york,2026-10-06 11:00:00,13.0,33.0,0.0,16.1,12.3
new_york,2026-10-06 12:00:00,14.5,29.0,0.0,17.5,13.9
new_york,2026-10-06 13:00:00,15.7,28.0,0.0,18.2,15.1
new_york,2026-10-06 14:00:00,16.6,28.0,0.0,18.2,16.0
new_york,2026-10-06 15:00:00,17.2,27.0,0.0,17.3,16.7
new_york,2026-10-06 16:00:00,17.3,26.0,0.0,16.9,16.8
new_york,2026-10-06 17:00:00,17.0,25.0,0.0,15.8,16.5
new_york,2026-10-06 18:00:00,15.9,27.0,0.0,11.8,15.4
new_york,2026-10-06 19:00:00,13.7,31.0,0.0,7.1,13.1
new_york,2026-10-06 20:00:00,12.6,32.0,0.0,7.1,12.0
new_york,2026-10-06 21:00:00,11.4,37.0,0.0,8.2,10.7
new_york,2026-10-06 22:00:00,10.3,42.0,0.0,6.7,9.5
new_york,2026-10-06 23:00:00,9.6,44.0,0.0,5.4,8.7
